DisplayName,AppId,ServicePrincipalType,AccountEnabled,PublisherName,Homepage
OneDrive for Business Connector,1790e98a-abdc-5445-bb99-521ef603ac20,Application,True,,
IC3 Tenant Provisioning,209a774e-fca9-5cdc-9efd-9da0af1cba61,Application,True,,
Standard Approvals Connector,43f71f7f-a1cb-59f2-846d-e2c8fa641765,Application,True,,
Office 365 Management APIs,87c0f17a-447e-5f46-9563-f88c9ab5f30f,Application,True,,
Microsoft Approval Management,988c43c7-cbd8-5d76-8c87-9fec392f1b2e,Application,True,,
Office365 Shell WCSS-Server Default,019793b3-58bc-5c36-89cd-c412982d3b3c,Application,True,,
SharePoint Online Web Client Extensibility,fea99b50-f3b6-5129-93a1-841fc2067a8b,Application,True,,
Azure Signup Api,2be7f826-8739-5217-b7c2-4518bc7e1d72,Application,True,,
Customer Service Trial PVA - readonly,327b62e1-cd3b-55d6-8e29-a719e59020ee,Application,True,,
IpLicensingService,c6c8496d-e2db-5e49-82f1-fdcd82ac78c4,Application,True,,
CloudLicensingSystem,9714e853-b0bb-5542-9b22-a7885256d57e,Application,True,,
Office Shredding Service,db7a0122-1766-57e1-98dc-8ca28caa38d2,Application,True,,
Marketplace Catalog,1404e7b4-1d6b-5a6e-9487-fcd9b213159b,Application,True,,
PushChannel,884ea8af-ce28-5719-8370-04d18b40ac90,Application,True,,
OCaaS Worker Services,dcf73a18-6a54-521f-88cb-c952612db2e3,Application,True,,
Azure AD Identity Protection,197e3a6f-2ed1-5878-ab99-ccd2e8cde9ef,Application,True,,
Conferencing Virtual Assistant,92c86b4b-668d-56ed-b540-168f35878c24,Application,True,,
o365.servicecommunications.microsoft.com,fcce9792-30c1-5f57-a079-6cb8a2dd41b5,Application,True,,
Microsoft Teams Services,cd8b8b1c-f896-5223-b5be-4b373f520d6a,Application,True,,
PowerPlatform-a365memcp-Connector,d4603b78-d140-5123-851c-89a38ac03999,Application,True,,
M365PurvieweDiscoveryService,319102ee-c5c6-5461-a26d-a14e816a039a,Application,True,,
MCAPI Authorization Prod,7dac8445-5053-5ea6-86bc-a81d0ccc9756,Application,True,,
Common Data Service License Management,1e405ade-2379-59e3-910f-15c7e067199e,Application,True,,
Microsoft 365 Security and Compliance Center,42ebfa28-5a25-5ca7-ba80-a8c9a094c327,Application,True,,
Microsoft Teams UIS,88013f94-1f2f-584d-9fee-da0ca67e2063,Application,True,,
M365 Compliance Drive,22b7d9f0-25dc-51e7-af8f-d6c2ad874bcb,Application,True,,
Microsoft Teams Connector,ec9352f7-c0cb-5c21-b3e7-ddd4606264eb,Application,True,,
SPAuthEvent,03b624c9-4428-5872-8489-8772cbc37dde,Application,True,,
Azure MFA StrongAuthenticationService,5a220e63-dad3-5225-8b0f-0ffd8c253480,Application,True,,
Centralized Deployment,0931945d-c4e5-5259-83e1-65b4b1a1d991,Application,True,,
Azure Resource Manager,440f61a8-3666-5f5a-9518-a06102ddbc4e,Application,True,,
Office 365 Information Protection,4bef0943-cbd8-5d03-8bc3-36569006a474,Application,True,,
DeploymentScheduler,77d0e755-74ab-59f8-814d-19380a809458,Application,True,,
MCAPI AAD Bridge Service,161cd2ed-90fa-58e7-908f-07cba981c9b1,Application,True,,
Microsoft AppPlat EMA,97d9b65e-dd5d-53f5-9196-3fd1a865bcbc,Application,True,,
Microsoft Rights Management Services Default,16798e89-a419-57ab-bef9-cb14f8b173f8,Application,True,,
Microsoft SharePoint Online - SharePoint Home,aa5f0d1d-52b9-5787-9b9c-f5432deb761f,Application,True,,
SharePoint Notification Service,66a0f732-f7c4-5842-af4e-30cef4793241,Application,True,,
Virtual Visits App,a140fac7-e7c4-52de-8907-9de51267daac,Application,True,,
Microsoft password reset service,bbd1896a-a1a2-5864-a519-d2b0a610b2df,Application,True,,
Microsoft Intune Advanced Threat Protection Integration,7b427822-8df4-5052-8600-54a10d168d28,Application,True,,
Skype Teams Calling API Service,686ffa9a-c612-51d6-a1e9-99c5c2e348d1,Application,True,,
Azure Multi-Factor Auth Connector,d672031a-f698-5c16-a06b-2dfc77ca008d,Application,True,,
IC3 Long Running Operations Service,affc2229-6986-5c57-af34-65005b1c2993,Application,True,,
IPSubstrate,d0dd46ba-ca17-5e32-9806-f340f1dc7d6d,Application,True,,
Microsoft Teams Graph Service,9f2bac56-46c2-517b-a7bf-30e274eb6580,Application,True,,
Microsoft Defender for Identity,ae768847-dc84-5e69-a3a3-df87431d1579,Application,True,,
Billing RP,2ec77280-781d-53ed-b4fa-3216f7f22d68,Application,True,,
Data Classification Service,b9bed94d-c212-56aa-82d1-b7b5fcb80403,Application,True,,
Microsoft.Defender.Incident,eb3a7720-0117-57fb-8321-96f0bc00c35b,Application,True,,
Intune CMDeviceService,7da8611c-1b99-521d-92c2-f8c592b2a15b,Application,True,,
Microsoft Defender for Cloud Apps - Customer Experience,03eaa943-fa6a-54c6-be9e-784ce65c91ae,Application,True,,
Microsoft.SMIT,ea5cb74a-cd54-509e-b58b-2ca2ce9d9185,Application,True,,
Microsoft Mobile Application Management,8f99aaba-f56c-5af9-bc66-230a5242b5b5,Application,True,,
MIP Exchange Solutions - Teams,ee590a7b-02ef-5019-8c36-6e9f869671d1,Application,True,,
M365 License Manager,4b4aebf6-ab6f-5fa1-9cbb-65db037a11cb,Application,True,,
Microsoft Device Management Checkin,9d6baeff-0ffe-5591-a1f0-03201dcad281,Application,True,,
Microsoft Insider Risk Management,dbcc2be1-816d-53dd-83ab-98e771d98c95,Application,True,,
CompliancePolicy,6551df6f-ae89-5143-adad-e932c9988587,Application,True,,
O365 Demeter,b3d0a94d-3fa9-5e6a-ac73-58c83b2de2f8,Application,True,,
Microsoft PrivateStore,603aca3a-0ed9-52b3-a788-7d237e6d78ad,Application,True,,
Verifiable Credentials Service Admin,004f7181-1d64-50dc-8248-30328e51849a,Application,True,,
Messaging Bot API Application,7f1330aa-661e-54c7-9cb5-0452bc202324,Application,True,,
Microsoft Teams AuditService,b91d99ed-60d1-5cd7-925c-39ea82e7a83f,Application,True,,
OMSAuthorizationServicePROD,366b7708-d344-5ad2-add1-a97ef200e9a0,Application,True,,
Microsoft Intune AAD BitLocker Recovery Key Integration,4c5eaf0d-78d4-5047-9fb9-50732a282e32,Application,True,,
Office Hive,77acea09-9f85-5d2e-b707-a4dada02388a,Application,True,,
MIP Exchange Solutions,b05be754-6df0-52e5-b4b6-3239bc914867,Application,True,,
Viva Engage,a7873190-436a-5a8c-b3ac-512b35f13c66,Application,True,,
Office 365 Reports,d5a225b9-e7ee-5a39-aa3e-7a97928be4eb,Application,True,,
Bing,287c27f6-f848-5da0-b0c1-30a5600caf9a,Application,True,,
Microsoft Graph,43349f59-b8c2-597a-a6a5-f5b5e401908f,Application,True,,
Power Platform Authorization Service PROD,aaab9da1-e953-5154-a180-08d348b8ae10,Application,True,,
AWS Single-Account Access,cbbfb407-94e2-5d59-bdc4-714b35724e8c,Application,True,,https://signin.aws.amazon.com/saml?metadata=aws|ISV9.1|primary|z
Dynamics Lifecycle services,5b1d4c57-8419-51af-92a6-755b41b272af,Application,True,,
AADReporting,b9bcfe4b-d294-529b-8406-05f8661340c8,Application,True,,
Azure ESTS Service,d0c065b5-4076-5247-aa7c-69146d3318b1,Application,True,,
Microsoft Teams AadSync,b6ac3b64-72d6-5378-942b-5e6a931255dd,Application,True,,
Intune DeviceDirectory ConfidentialClient,22244e5d-917f-5e78-ac78-c6f1eddf7579,Application,True,,
Graph Connector Service,f6e22033-a036-5071-b8ae-a10273a3ae9d,Application,True,,
Office365DirectorySynchronizationService,7c39d857-3ffc-56f1-94ae-2849e45412d8,Application,True,,
Modern Workplace Customer APIs,305484ad-d79f-5973-a775-0aa51c3048fa,Application,True,,
My Apps,9246a252-c904-569b-840f-8d5cb75b2e58,Application,True,,
Microsoft Flow Service,c8eaf262-5ac9-5081-9710-7f8db76dc83b,Application,True,,
Azure Advanced Threat Protection,6a5c0bef-9325-5850-bc0c-e651c408c4fd,Application,True,,
Microsoft To-Do,61a73c8b-0b47-5bbf-ad60-388a399415c6,Application,True,,
Group Configuration Processor,9a5ae645-2c5e-5c53-bc47-2e42b282ad00,Application,True,,
Microsoft Azure Workflow,2117f0eb-b0e6-50f5-be7f-68c03f9648b7,Application,True,,
CAP Neptune Prod CM Prod ,f121b652-8930-5fc5-be66-ddd04d707708,Application,True,,
Media Analysis and Transformation Service,66217ccf-80bf-5648-a360-74013780b87d,Application,True,,
Windows 365,d3989676-2aeb-5993-a7ef-160ce586e280,Application,True,,
Microsoft Information Protection Sync Service,314d2458-8c0c-5257-9d3f-87af53ad862f,Application,True,,
Dataverse,c1dfb052-c25a-574a-bbf0-2fd7824a5de9,Application,True,,
Microsoft To-Do Business Connector,4ecee02b-dc08-504d-b53b-a14f1d4f8951,Application,True,,
Microsoft Teams Admin Portal Service,b348c089-50d7-5b4e-8c79-eb7b613e05c8,Application,True,,
Skype and Teams Tenant Admin API,76d1a526-50f0-592d-86da-b4dbe6904305,Application,True,,
PowerApps-Advisor,6a72f3ba-8fa6-55b2-bdf5-bb799bc7800f,Application,True,,
Intune Compliance Client Prod,c8290b1d-8ec7-5ef1-8830-8d1980bc3caa,Application,True,,
Azure Credential Configuration Endpoint Service,5c21d9bd-5d58-5666-9358-3e08a88a2d7d,Application,True,,
Microsoft People Cards Service,003fd5fa-c217-54f8-88cd-10a548ebdcf7,Application,True,,
Power Apps Service Data Plane Backend,462a3d4f-b87e-5e2e-831a-7c6a0edad704,Application,True,,
Conference Auto Attendant,03eb12cb-dcc5-50fe-92c6-8e3055cc5b81,Application,True,,
Configuration Manager Microservice,9635a2f4-799d-52ba-87e8-9e9de3a43b34,Application,True,,
M365PurvieweDiscoveryInfra,c407a433-e25a-549a-be46-8ff3df03cae2,Application,True,,
Office 365 SharePoint Online,c8ce0a17-c413-5a2b-b827-a4c8eb679cc4,Application,True,,
Teams Biometric Service,6bd23a23-6398-5d4a-9f92-0b7c2d96b26b,Application,True,,
SharePoint Connector,39b492c2-8699-52ae-b522-89130409a472,Application,True,,
SharePoint Framework Azure AD Helper,ccd0dd2d-f062-5dda-9e70-34a7533a2ac3,Application,True,,
Windows Azure Active Directory,4f8d2fa0-97f2-5ab8-a4ca-c88c0ae7484e,Application,True,,
Microsoft Substrate Management,2d92e687-6e0f-5fe4-adc3-7402a7b8c276,Application,True,,
Customer Service Trial PVA,2b03744f-5a45-55fc-b1a7-959c4dc2a6e4,Application,True,,
AAD App Management,be1637bb-48ef-5add-8414-0c422266ef80,Application,True,,
Microsoft Dataverse Connector,e128b731-e872-575b-a0fa-30554b80437f,Application,True,,
OCaaS Client Interaction Service,3e044285-00ad-56c6-98b6-a46faf5a86d5,Application,True,,
Microsoft 365 Admin portal,d175be8e-cd1a-570f-bf7c-9502e98a5059,Application,True,,
Azure AD Notification,d2cb3b2e-5f17-5813-8c9b-18be6a22a2ec,Application,True,,
Request Approvals Read Platform,d8645806-eb15-5e1d-bc50-2b33f1c969fe,Application,True,,
M365 Admin Services,92d7966a-779b-5794-9665-eba4340c7f08,Application,True,,
Office 365 Exchange Online,e4a5da3d-2793-517f-9a1c-79424353ab74,Application,True,,
Skype for Business Online,8eca3bab-4906-518d-aaef-158120e2d06e,Application,True,,
PowerPlatform-a365outlookmailmcp-Connector,3d912683-45dd-5559-818c-33e0a7af1054,Application,True,,
IDS-PROD,beebe22c-7a1d-5777-a136-e8bf954cb4dd,Application,True,,
Microsoft Teams - Teams And Channels Service,9e508639-75ba-53c5-9d49-b5bf6b10c63a,Application,True,,
AAD Request Verification Service - PROD,31651bf0-e0eb-5e1b-8038-169dd2bf0710,Application,True,,
Microsoft AppSource,496ff8b3-6116-53fa-9c8c-376c5c7fdf7b,Application,True,,
MS Teams Griffin Assistant,f452a936-1066-58c4-a8d2-263630f10569,Application,True,,
Azure Multi-Factor Auth Client,2b4f9e00-ab83-5d0a-845c-f9f4422e5a53,Application,True,,
Sway,c4160658-3026-5fe8-941c-341b1b199a07,Application,True,,
Defender for IoT,50a3467a-c08d-5b68-866b-1793bfc11c32,Application,True,,
ProjectWorkManagement,9d45f39c-7f81-584a-b127-7ff29c6342a2,Application,True,,
Microsoft Intune,072632bb-b382-5822-8e85-5dee9df7df9c,Application,True,,
MIP Exchange Solutions - ODB,53a1e57f-ca7d-5620-8104-c28baf094262,Application,True,,
Power Platform Connector Management Service - PROD,60d7494f-64de-5cf6-be4d-fc65958aa08a,Application,True,,
Azure AD Application Proxy,841d9fdc-7ea6-50f9-8e4c-9379d2f54735,Application,True,,
Power BI Service,6976b82e-50c1-5045-b47d-d5f07f3241e9,Application,True,,
Device Registration Service,c06412e0-eac1-5a77-9cca-bbb4d4f87438,Application,True,,
Universal Print,4149229f-4fe4-51e9-b97e-bcd712f0302b,Application,True,,
Microsoft Defender Hunting,1694e717-5e28-50bb-aa95-c134a348a758,Application,True,,
People Profile Event Proxy,5548ca19-19ae-5045-99ef-06d9ec7c6576,Application,True,,
CommComplianceApp,c4d95686-5210-5e1e-ac46-98de58ef4b79,Application,True,,
WindowsUpdate-Service,0d989eef-6070-5d02-ad65-0e34dd76d177,Application,True,,
Microsoft Intune Service Discovery,737757ba-deb5-5a0d-b09e-870ef1981114,Application,True,,
SalesInsightsWebApp,cc958d39-c8e0-52b9-b423-c5c6e6998df0,Application,True,,
Azure Purview,45696177-02c6-54da-af66-4f1e9b390c0c,Application,True,,
Power Apps Service Customer Management Plane Backend,0a856aab-1f13-5489-b7f9-68f5ecacc5bc,Application,True,,
Skype Presence Service,9ea457a9-82c1-5140-b622-8671be70c17f,Application,True,,
MicrosoftEndpointDLP,a3a69a36-8631-5c0a-9626-6b04ef4022a4,Application,True,,
Microsoft SaaS Hub Resource Provider,b044561e-5c5e-5941-83e7-adfbef44651a,Application,True,,
Office 365 Configure,0691f227-1d37-5293-be59-48cffbc96e50,Application,True,,
Azure Virtual Desktop ARM Provider,678e60ce-567e-555f-bf79-c81333a19eb1,Application,True,,
Microsoft Windows AutoPilot Service API,df9d6ef4-f7cc-5646-9815-df7c1a284d2f,Application,True,,
Windows Update for Business Deployment Service,dbfba520-e68b-53e5-960e-ac4a00df3dd8,Application,True,,
Microsoft Cloud App Security,bfc9736f-7d02-5896-89f5-2376b335cb24,Application,True,,
Teams Admin Monitoring Alerting Platform,eabe1deb-17a4-5897-95d2-cecb8c3f1119,Application,True,,
Substrate Instant Revocation Pipeline,422dfd55-8d92-5869-8f5f-1f653cc7c033,Application,True,,
Microsoft Graph Change Tracking,818ebf5b-e3c2-5e15-bd6a-05d6815de34c,Application,True,,
M365AdminAgent,49312a09-e71d-5662-b97b-d492023b4503,Application,True,,
Teams NRT DLP Service,9d849d26-e993-57da-9261-fefca06666ec,Application,True,,
My Profile,93025cab-a371-5e68-ac13-273bbfb051ed,Application,True,,
Microsoft Azure AD Identity Protection,22447fdf-aae4-5a88-b0fd-10278c3c1326,Application,True,,
Portfolios,f1360fbb-1379-5110-a7cf-56eeef6b763e,Application,True,,
O365 LinkedIn Connection,d17bd13e-1f1e-55cd-9e27-19a433f6e66a,SocialIdp,True,,
Microsoft Flow CDS Integration Service,fabdf3ce-4bf8-5cfb-9fe2-5fe4ad71d1ee,Application,True,,
Microsoft Teams User Profile Search Service,35479e70-f743-5356-8f23-c955dc640e4c,Application,True,,
Skype Core Calling Service,bfb38f88-e1f9-5629-acdb-02e5acf6eaea,Application,True,,
O365 Secure Score,f4989fb5-f74b-5df7-aa22-26ddbd19cde2,Application,True,,
Office 365 Search Service,fc6e79ed-c51c-54f9-b533-d0448001b03e,Application,True,,
PowerPlatform-a365outlookcalendarmcp-Connector,33a7d660-6783-5e4a-8821-72ede44f5a7b,Application,True,,
Microsoft Graph Command Line Tools,489b578a-c843-53e2-bea0-7e4ee4b6a861,Application,True,,https://docs.microsoft.com/en-us/graph/powershell/get-started
Microsoft Teams Chat Aggregator,e05a8098-847e-500f-8241-036defedec94,Application,True,,
M365 Label Analytics,d9d08d75-d6dd-58e2-b7eb-493c2ec56d40,Application,True,,
Microsoft 365 App Catalog Services,d530ddb8-8903-5101-a9b8-539d92441229,Application,True,,
MS-PIM,4ea1cb8c-7822-5d83-bcc5-dcfeb7691d8c,Application,True,,
Office 365 Enterprise Insights,ad382436-fe33-5421-8823-bc218ca64250,Application,True,,
Power Platform Policy TIRPS CM - PROD,cb9eb1de-cb40-57dc-8f25-a398f7bc04a4,Application,True,,
Microsoft Information Protection API,c7aaab2f-e1e4-5bfc-a056-6b9ae8a43b09,Application,True,,
Microsoft Security Data Connectors,cbd81d0e-0e6d-5f28-98f1-561945ec7e8b,Application,True,,
Azure Resource Graph,57bcc72c-a143-58cf-820f-e08265160932,Application,True,,
Microsoft Intune API,6c63bea7-85a8-5437-801d-1576e14bc3ba,Application,True,,
Call Quality Dashboard,08c6cc67-0403-585a-ba06-605384834662,Application,True,,
Narada Notification Service,ca1f9827-d2f2-5fc5-bba2-f247d4e115fd,Application,True,,
MIP Exchange Solutions - SPO,a7312179-7667-5f8a-bb01-0170800f0ee0,Application,True,,
Customer Experience Platform PROD,08dc7049-5387-511d-bd97-cc0d7ffc280e,Application,True,,
Microsoft Device Management EMM API,284bb19c-175b-57bf-8dd1-5910e4a24611,Application,True,,
Microsoft Threat Protection,77bf46f0-d371-5881-8891-eae314954e64,Application,True,,
Azure Virtual Desktop,84bbe17e-956c-5340-89a6-beac7c6b4db4,Application,True,,
OfficeServicesManager,fd6a2cc1-b98c-53f0-bfbb-ac326ba9abdd,Application,True,,
Microsoft Exchange Online Protection,a0eada54-a21d-5159-abc7-0acfc6ce3a65,Application,True,,
Groups Service,7daad74d-2681-5441-a2e5-3e144743d8ee,Application,True,,
Microsoft Edge management service,a56a82ee-a600-55cc-9f34-a5c295f291f1,Application,True,,
Marketplace Rating and Reviews PROD,a279c8a6-8a7e-5300-80af-a4581893fc6e,Application,True,,
M365 App Management Service,79dcebbf-de33-5924-85c8-3cc53b32a92c,Application,True,,
Microsoft App Access Panel,4e8a7b00-6934-59a5-b7b4-fa86756d39ab,Application,True,,
Excel Online Business Connector,4b374fba-3991-5c30-9875-b5de44021442,Application,True,,
WeveEngine,d5f58ca8-deec-513f-975e-9e4f86945ca5,Application,True,,
MMD Intune Partner Sync,b2c11ea6-1f1e-53d2-8530-50bd51b13be9,Application,True,,
OneProfile Service,734ced4e-9206-5cf8-bd1f-a77149ea66f5,Application,True,,
Power Platform API,b02cc6db-43d8-5afb-abf7-9db6a9fcdd52,Application,True,,
AzureSupportCenter,cda737bb-36e6-504c-8ca2-ccd2ca35749e,Application,True,,
Microsoft SaaS Hub Resource Provider AirCapi,56b38db8-b093-5f27-a969-ab9bac0df8e9,Application,True,,
Microsoft Office Licensing Service,9ab6da5b-18c4-508e-9f0d-4650e06fb83a,Application,True,,
Exchange Rbac,8ed6c923-4b40-59a5-a0eb-66e98ef47d93,Application,True,,
Privacy Management,7fbc9f5f-0456-5c65-bc1a-8751e600314f,Application,True,,
CPIM Service,a920b4c7-ee36-53d7-9660-f83c00a4b36f,Application,True,,
SharePoint Home Notifier,4263232e-bd48-5655-b412-5417dd6b1375,Application,True,,
Office365 Shell SS-Server Default,0460964c-5442-5842-a9db-4ed7dacf2569,Application,True,,
Planner Connector,9146d645-e22e-5685-9bb2-b5f2235f11a5,Application,True,,
Substrate-FileWatcher,56130cf5-c0aa-587d-966e-97f574120008,Application,True,,
AAD Terms Of Use,e2b5e1c6-f086-5240-8a6a-8e081df5d08b,Application,True,,
IAM Supportability,ab7580dc-81b6-50c9-bfe7-36f830364796,Application,True,,
Meeting Migration Service,95d8abc3-2f23-5de7-b6c3-a2e05e280ac1,Application,True,,
Microsoft Teams ATP Service,44e85a78-7f1e-5581-9b8f-a9c0ecd59c0a,Application,True,,
Dynamics Data Integration,adb9a126-4c60-55b5-9acc-1c20aa448f65,Application,True,,
Microsoft Forms,9eaaf335-6d8f-556e-b6e5-3ea0c2ce3162,Application,True,,
Signup,c15db0d9-d707-5ab0-bd20-e52470386f70,Application,True,,
Cortana Runtime Service,dd601034-b6af-51c5-847e-137e6c0e8789,Application,True,,
Power Platform Policy Services CM - PROD,c9752dfe-0515-55bb-ba8c-8f6bc9e04b2b,Application,True,,
PowerApps Service,028554c9-e119-5b09-ae4b-be45dd86cf21,Application,True,,
Microsoft Service Trust,26a6338f-9d05-5e5e-9992-321ce8515f2b,Application,True,,
Dunloe Dataplane Service,453f1646-3752-52bc-8373-fc1c808bf763,Application,True,,
PowerPlatform-a365teamsmcp-Connector,09882d15-8dfc-525d-bf89-cdf41fa9ea7a,Application,True,,
Cortana at Work Service,f423e3b8-9555-505e-8f23-00bd665c0513,Application,True,,
Policy Administration Service,a7ed22ca-cdbf-567f-9b0b-da80fe3f5532,Application,True,,
Microsoft Graph Connectors Core,feace125-59f0-5d5d-92d8-dc2938556e06,Application,True,,
IAMTenantCrawler,dbf8044b-7744-5484-956b-5ea3371d766d,Application,True,,
OfficeClientService,74af6358-547c-51ad-9ec1-938a21d44b84,Application,True,,
WindowsDefenderATP,e504d6dd-1e44-511f-bc13-f0e5e183f64c,Application,True,,
Microsoft Office 365 Portal,7c94fe2a-0a9c-5712-918f-e7077c98e4de,Application,True,,
PowerPlatform-a365wordmcp-Connector,dc6e6f71-eada-5cb0-938f-efed0fd66194,Application,True,,
Microsoft Teams AuthSvc,3eacbe9a-c01d-560d-a631-2d7ed9e35ae6,Application,True,,
Azure AD Identity Governance - Entitlement Management,7b4e3c10-7183-564c-8feb-8c938ccf7ee7,Application,True,,
Microsoft Intune SCCM Connector,baba11f7-b23f-5b0d-a6cf-1c7864e673ff,Application,True,,
Microsoft Rights Management Services,fc55f57d-6396-567d-9f2a-4d03d8554656,Application,True,,
PowerPlatform-a365copilotchatmcp-Connector,846c2631-5c8c-5cd2-85ea-b7e988911726,Application,True,,
Connectors,a43c1093-a096-56d9-8755-708073b502f5,Application,True,,
Graph Connector Federated Credential App,2dafec95-9052-5e86-ad21-ae56684df32b,Application,True,,
Teams NRT DLP Ingestion Service,193902db-d43b-579b-b87b-834aadc3845f,Application,True,,
Microsoft Solution Providers,018e8da8-a434-5823-a5e4-41f3b52f9bc0,Application,True,,
OCaaS Experience Management Service,60f6edfb-cfc2-507c-93a0-f829beef0674,Application,True,,
Intune Grouping and Targeting Client Prod,c8eab033-6ec1-5d65-8e71-8a7728f0afa0,Application,True,,
PowerPlatform-a365adminmcp-Connector,b6ddb299-4ef3-5dc5-b169-31bedea4718b,Application,True,,
